MeetName,MeetFederation,MeetDate,MeetLocation,Division,Sex,BodyweightKg,WeightClassKg,AthleteName,AthleteNationality,Event,EventCategory,Implement,ResultValue,ResultUnit,Place,OverallPlace,Points,Notes
1977 World's Strongest Man,WSM,1977-09-00,"Universal Studios, California",Open,M,,,Bruce Wilhelm,USA,Overall,,,,,,1,,
1977 World's Strongest Man,WSM,1977-09-00,"Universal Studios, California",Open,M,,,Bob Young,USA,Overall,,,,,,2,,
1977 World's Strongest Man,WSM,1977-09-00,"Universal Studios, California",Open,M,,,Ken Patera,USA,Overall,,,,,,3,,
1978 World's Strongest Man,WSM,1978-09-00,,Open,M,,,Bruce Wilhelm,USA,Overall,,,,,,1,,
1978 World's Strongest Man,WSM,1978-09-00,,Open,M,,,Don Reinhoudt,USA,Overall,,,,,,2,,
1978 World's Strongest Man,WSM,1978-09-00,,Open,M,,,Lars Hedlund,SWE,Overall,,,,,,3,,
1979 World's Strongest Man,WSM,1979-09-00,,Open,M,,,Don Reinhoudt,USA,Overall,,,,,,1,,
1979 World's Strongest Man,WSM,1979-09-00,,Open,M,,,Lars Hedlund,SWE,Overall,,,,,,2,,
1979 World's Strongest Man,WSM,1979-09-00,,Open,M,,,Bill Kazmaier,USA,Overall,,,,,,3,,
1980 World's Strongest Man,WSM,1980-09-00,"Playboy Club, New Jersey",Open,M,,,Bill Kazmaier,USA,Overall,,,,,,1,,
1980 World's Strongest Man,WSM,1980-09-00,"Playboy Club, New Jersey",Open,M,,,Lars Hedlund,SWE,Overall,,,,,,2,,
1980 World's Strongest Man,WSM,1980-09-00,"Playboy Club, New Jersey",Open,M,,,Geoff Capes,GBR,Overall,,,,,,3,,
1981 World's Strongest Man,WSM,1981-09-00,"Magic Mountain, California",Open,M,,,Bill Kazmaier,USA,Overall,,,,,,1,,
1981 World's Strongest Man,WSM,1981-09-00,"Magic Mountain, California",Open,M,,,Geoff Capes,GBR,Overall,,,,,,2,,
1981 World's Strongest Man,WSM,1981-09-00,"Magic Mountain, California",Open,M,,,Dave Waddington,GBR,Overall,,,,,,3,,
1982 World's Strongest Man,WSM,1982-09-00,,Open,M,,,Bill Kazmaier,USA,Overall,,,,,,1,,
1982 World's Strongest Man,WSM,1982-09-00,,Open,M,,,Tom Magee,CAN,Overall,,,,,,2,,
1982 World's Strongest Man,WSM,1982-09-00,,Open,M,,,John Gamble,USA,Overall,,,,,,3,,
1983 World's Strongest Man,WSM,1983-00-00,"Christchurch, New Zealand",Open,M,,,Geoff Capes,GBR,Overall,,,,,,1,,
1983 World's Strongest Man,WSM,1983-00-00,"Christchurch, New Zealand",Open,M,,,Jon Pall Sigmarsson,ISL,Overall,,,,,,2,,
1983 World's Strongest Man,WSM,1983-00-00,"Christchurch, New Zealand",Open,M,,,Simon Wulfse,NED,Overall,,,,,,3,,
1984 World's Strongest Man,WSM,1984-00-00,"Mora, Sweden",Open,M,,,Jon Pall Sigmarsson,ISL,Overall,,,,,,1,,
1984 World's Strongest Man,WSM,1984-00-00,"Mora, Sweden",Open,M,,,Ab Wolders,NED,Overall,,,,,,2,,
1984 World's Strongest Man,WSM,1984-00-00,"Mora, Sweden",Open,M,,,Geoff Capes,GBR,Overall,,,,,,3,,
1985 World's Strongest Man,WSM,1985-00-00,"Cascais, Portugal",Open,M,,,Geoff Capes,GBR,Overall,,,,,,1,,
1985 World's Strongest Man,WSM,1985-00-00,"Cascais, Portugal",Open,M,,,Jon Pall Sigmarsson,ISL,Overall,,,,,,2,,
1985 World's Strongest Man,WSM,1985-00-00,"Cascais, Portugal",Open,M,,,Cees de Vreugd,NED,Overall,,,,,,3,,
1986 World's Strongest Man,WSM,1986-00-00,"Nice, France",Open,M,,,Jon Pall Sigmarsson,ISL,Overall,,,,,,1,,
1986 World's Strongest Man,WSM,1986-00-00,"Nice, France",Open,M,,,Geoff Capes,GBR,Overall,,,,,,2,,
1986 World's Strongest Man,WSM,1986-00-00,"Nice, France",Open,M,,,Ab Wolders,NED,Overall,,,,,,3,,
1988 World's Strongest Man,WSM,1988-00-00,"Budapest, Hungary",Open,M,,,Jon Pall Sigmarsson,ISL,Overall,,,,,,1,,Not held in 1987
1988 World's Strongest Man,WSM,1988-00-00,"Budapest, Hungary",Open,M,,,Bill Kazmaier,USA,Overall,,,,,,2,,
1988 World's Strongest Man,WSM,1988-00-00,"Budapest, Hungary",Open,M,,,Jamie Reeves,GBR,Overall,,,,,,3,,
1989 World's Strongest Man,WSM,1989-00-00,"San Sebastian, Spain",Open,M,,,Jamie Reeves,GBR,Overall,,,,,,1,,
1989 World's Strongest Man,WSM,1989-00-00,"San Sebastian, Spain",Open,M,,,Ab Wolders,NED,Overall,,,,,,2,,
1989 World's Strongest Man,WSM,1989-00-00,"San Sebastian, Spain",Open,M,,,Jon Pall Sigmarsson,ISL,Overall,,,,,,3,,
1990 World's Strongest Man,WSM,1990-00-00,"Joensuu, Finland",Open,M,,,Jon Pall Sigmarsson,ISL,Overall,,,,,,1,,
1990 World's Strongest Man,WSM,1990-00-00,"Joensuu, Finland",Open,M,,,O.D. Wilson,USA,Overall,,,,,,2,,
1990 World's Strongest Man,WSM,1990-00-00,"Joensuu, Finland",Open,M,,,Ilkka Nummisto,FIN,Overall,,,,,,3,,
1991 World's Strongest Man,WSM,1991-00-00,"Tenerife, Canary Islands",Open,M,,,Magnus Ver Magnusson,ISL,Overall,,,,,,1,,
1991 World's Strongest Man,WSM,1991-00-00,"Tenerife, Canary Islands",Open,M,,,Henning Thorsen,DEN,Overall,,,,,,2,,
1991 World's Strongest Man,WSM,1991-00-00,"Tenerife, Canary Islands",Open,M,,,Gary Taylor,GBR,Overall,,,,,,3,,
1992 World's Strongest Man,WSM,1992-00-00,"Reykjavik, Iceland",Open,M,,,Ted van der Parre,NED,Overall,,,,,,1,,
1992 World's Strongest Man,WSM,1992-00-00,"Reykjavik, Iceland",Open,M,,,Magnus Ver Magnusson,ISL,Overall,,,,,,2,,
1992 World's Strongest Man,WSM,1992-00-00,"Reykjavik, Iceland",Open,M,,,Jamie Reeves,GBR,Overall,,,,,,3,,
1993 World's Strongest Man,WSM,1993-00-00,"Orange, France",Open,M,,,Gary Taylor,GBR,Overall,,,,,,1,,
1993 World's Strongest Man,WSM,1993-00-00,"Orange, France",Open,M,,,Magnus Ver Magnusson,ISL,Overall,,,,,,2,,
1993 World's Strongest Man,WSM,1993-00-00,"Orange, France",Open,M,,,Riku Kiri,FIN,Overall,,,,,,3,,
1994 World's Strongest Man,WSM,1994-00-00,"Sun City, South Africa",Open,M,,,Magnus Ver Magnusson,ISL,Overall,,,,,,1,,
1994 World's Strongest Man,WSM,1994-00-00,"Sun City, South Africa",Open,M,,,Manfred Hoeberl,AUT,Overall,,,,,,2,,
1994 World's Strongest Man,WSM,1994-00-00,"Sun City, South Africa",Open,M,,,Riku Kiri,FIN,Overall,,,,,,3,,
1995 World's Strongest Man,WSM,1995-00-00,"Nassau, Bahamas",Open,M,,,Magnus Ver Magnusson,ISL,Overall,,,,,,1,,
1995 World's Strongest Man,WSM,1995-00-00,"Nassau, Bahamas",Open,M,,,Gerrit Badenhorst,RSA,Overall,,,,,,2,,
1995 World's Strongest Man,WSM,1995-00-00,"Nassau, Bahamas",Open,M,,,Marko Varalahti,FIN,Overall,,,,,,3,,
1996 World's Strongest Man,WSM,1996-00-00,"Port Louis, Mauritius",Open,M,,,Magnus Ver Magnusson,ISL,Overall,,,,,,1,,
1996 World's Strongest Man,WSM,1996-00-00,"Port Louis, Mauritius",Open,M,,,Riku Kiri,FIN,Overall,,,,,,2,,
1996 World's Strongest Man,WSM,1996-00-00,"Port Louis, Mauritius",Open,M,,,Gerrit Badenhorst,RSA,Overall,,,,,,3,,
1997 World's Strongest Man,WSM,1997-00-00,"Primm Valley Resort, Nevada",Open,M,,,Jouko Ahola,FIN,Overall,,,,,,1,,
1997 World's Strongest Man,WSM,1997-00-00,"Primm Valley Resort, Nevada",Open,M,,,Flemming Rasmussen,DEN,Overall,,,,,,2,,
1997 World's Strongest Man,WSM,1997-00-00,"Primm Valley Resort, Nevada",Open,M,,,Magnus Samuelsson,SWE,Overall,,,,,,3,,
1998 World's Strongest Man,WSM,1998-00-00,"Tangier, Morocco",Open,M,,,Magnus Samuelsson,SWE,Overall,,,,,,1,,
1998 World's Strongest Man,WSM,1998-00-00,"Tangier, Morocco",Open,M,,,Jouko Ahola,FIN,Overall,,,,,,2,,
1998 World's Strongest Man,WSM,1998-00-00,"Tangier, Morocco",Open,M,,,Wout Zijlstra,NED,Overall,,,,,,3,,
1999 World's Strongest Man,WSM,1999-00-00,"Valletta, Malta",Open,M,,,Jouko Ahola,FIN,Overall,,,,,,1,,
1999 World's Strongest Man,WSM,1999-00-00,"Valletta, Malta",Open,M,,,Janne Virtanen,FIN,Overall,,,,,,2,,
1999 World's Strongest Man,WSM,1999-00-00,"Valletta, Malta",Open,M,,,Svend Karlsen,NOR,Overall,,,,,,3,,
2000 World's Strongest Man,WSM,2000-00-00,"Sun City, South Africa",Open,M,,,Janne Virtanen,FIN,Overall,,,,,,1,,
2000 World's Strongest Man,WSM,2000-00-00,"Sun City, South Africa",Open,M,,,Svend Karlsen,NOR,Overall,,,,,,2,,
2000 World's Strongest Man,WSM,2000-00-00,"Sun City, South Africa",Open,M,,,Magnus Samuelsson,SWE,Overall,,,,,,3,,
2001 World's Strongest Man,WSM,2001-00-00,"Victoria Falls, Zambia",Open,M,,,Svend Karlsen,NOR,Overall,,,,,,1,,
2001 World's Strongest Man,WSM,2001-00-00,"Victoria Falls, Zambia",Open,M,,,Magnus Samuelsson,SWE,Overall,,,,,,2,,
2001 World's Strongest Man,WSM,2001-00-00,"Victoria Falls, Zambia",Open,M,,,Janne Virtanen,FIN,Overall,,,,,,3,,
2002 World's Strongest Man,WSM,2002-00-00,"Kuala Lumpur, Malaysia",Open,M,,,Mariusz Pudzianowski,POL,Overall,,,,,,1,,
2002 World's Strongest Man,WSM,2002-00-00,"Kuala Lumpur, Malaysia",Open,M,,,Zydrunas Savickas,LTU,Overall,,,,,,2,,
2002 World's Strongest Man,WSM,2002-00-00,"Kuala Lumpur, Malaysia",Open,M,,,Raimonds Bergmanis,LAT,Overall,,,,,,3,,
2003 World's Strongest Man,WSM,2003-00-00,"Victoria Falls, Zambia",Open,M,,,Mariusz Pudzianowski,POL,Overall,,,,,,1,,66 points out of possible 70
2003 World's Strongest Man,WSM,2003-00-00,"Victoria Falls, Zambia",Open,M,,,Zydrunas Savickas,LTU,Overall,,,,,,2,,
2003 World's Strongest Man,WSM,2003-00-00,"Victoria Falls, Zambia",Open,M,,,Vasyl Virastyuk,UKR,Overall,,,,,,3,,
2004 World's Strongest Man,WSM,2004-00-00,"Nassau, Bahamas",Open,M,,,Vasyl Virastyuk,UKR,Overall,,,,,,1,,
2004 World's Strongest Man,WSM,2004-00-00,"Nassau, Bahamas",Open,M,,,Zydrunas Savickas,LTU,Overall,,,,,,2,,
2004 World's Strongest Man,WSM,2004-00-00,"Nassau, Bahamas",Open,M,,,Magnus Samuelsson,SWE,Overall,,,,,,3,,Pudzianowski originally 3rd but disqualified for failed drugs test
2005 World's Strongest Man,WSM,2005-00-00,"Chengdu, China",Open,M,,,Mariusz Pudzianowski,POL,Overall,,,,,,1,,
2005 World's Strongest Man,WSM,2005-00-00,"Chengdu, China",Open,M,,,Jesse Marunde,USA,Overall,,,,,,2,,
2005 World's Strongest Man,WSM,2005-00-00,"Chengdu, China",Open,M,,,Dominic Filiou,CAN,Overall,,,,,,3,,
2006 World's Strongest Man,WSM,2006-00-00,"Sanya, China",Open,M,,,Phil Pfister,USA,Overall,,,,,,1,,First American winner since 1982
2006 World's Strongest Man,WSM,2006-00-00,"Sanya, China",Open,M,,,Mariusz Pudzianowski,POL,Overall,,,,,,2,,
2006 World's Strongest Man,WSM,2006-00-00,"Sanya, China",Open,M,,,Don Pope,USA,Overall,,,,,,3,,
2007 World's Strongest Man,WSM,2007-09-00,"Anaheim, California",Open,M,,,Mariusz Pudzianowski,POL,Overall,,,,,,1,,
2007 World's Strongest Man,WSM,2007-09-00,"Anaheim, California",Open,M,,,Sebastian Wenta,POL,Overall,,,,,,2,,
2007 World's Strongest Man,WSM,2007-09-00,"Anaheim, California",Open,M,,,Terry Hollands,GBR,Overall,,,,,,3,,
2008 World's Strongest Man,WSM,2008-00-00,"Charleston, West Virginia",Open,M,,,Mariusz Pudzianowski,POL,Overall,,,,,,1,,
2008 World's Strongest Man,WSM,2008-00-00,"Charleston, West Virginia",Open,M,,,Derek Poundstone,USA,Overall,,,,,,2,,
2008 World's Strongest Man,WSM,2008-00-00,"Charleston, West Virginia",Open,M,,,Dave Ostlund,USA,Overall,,,,,,3,,
2009 World's Strongest Man,WSM,2009-00-00,"Valletta, Malta",Open,M,,,Zydrunas Savickas,LTU,Overall,,,,,,1,,
2009 World's Strongest Man,WSM,2009-00-00,"Valletta, Malta",Open,M,,,Mariusz Pudzianowski,POL,Overall,,,,,,2,,Final WSM contest for Pudzianowski
2009 World's Strongest Man,WSM,2009-00-00,"Valletta, Malta",Open,M,,,Brian Shaw,USA,Overall,,,,,,3,,
2010 World's Strongest Man,WSM,2010-09-00,"Sun City, South Africa",Open,M,,,Zydrunas Savickas,LTU,Overall,,,,,,1,,Won by countback; set log lift world record 210kg
2010 World's Strongest Man,WSM,2010-09-00,"Sun City, South Africa",Open,M,,,Brian Shaw,USA,Overall,,,,,,2,,
2010 World's Strongest Man,WSM,2010-09-00,"Sun City, South Africa",Open,M,,,Mikhail Koklyaev,RUS,Overall,,,,,,3,,
2011 World's Strongest Man,WSM,2011,"Wingate, North Carolina",Open,M,,,Brian Shaw,USA,Overall,,,,,,1,,
2011 World's Strongest Man,WSM,2011,"Wingate, North Carolina",Open,M,,,Zydrunas Savickas,LTU,Overall,,,,,,2,,
2011 World's Strongest Man,WSM,2011,"Wingate, North Carolina",Open,M,,,Terry Hollands,GBR,Overall,,,,,,3,,
2012 World's Strongest Man,WSM,2012,"Los Angeles, California",Open,M,,,Zydrunas Savickas,LTU,Overall,,,,,,1,,Set log lift world record 220kg
2012 World's Strongest Man,WSM,2012,"Los Angeles, California",Open,M,,,Vytautas Lalas,LTU,Overall,,,,,,2,,
2012 World's Strongest Man,WSM,2012,"Los Angeles, California",Open,M,,,Hafthor Julius Bjornsson,ISL,Overall,,,,,,3,,
2013 World's Strongest Man,WSM,2013,"Sanya, China",Open,M,,,Brian Shaw,USA,Overall,,,,,,1,,
2013 World's Strongest Man,WSM,2013,"Sanya, China",Open,M,,,Zydrunas Savickas,LTU,Overall,,,,,,2,,
2013 World's Strongest Man,WSM,2013,"Sanya, China",Open,M,,,Hafthor Julius Bjornsson,ISL,Overall,,,,,,3,,
2014 World's Strongest Man,WSM,2014,"Los Angeles, California",Open,M,,,Zydrunas Savickas,LTU,Overall,,,,,,1,,Won by 0.5 points; oldest champion at 38 years 8 months
2014 World's Strongest Man,WSM,2014,"Los Angeles, California",Open,M,,,Hafthor Julius Bjornsson,ISL,Overall,,,,,,2,,
2014 World's Strongest Man,WSM,2014,"Los Angeles, California",Open,M,,,Brian Shaw,USA,Overall,,,,,,3,,
2015 World's Strongest Man,WSM,2015,"Putrajaya, Malaysia",Open,M,,,Brian Shaw,USA,Overall,,,,,,1,,
2015 World's Strongest Man,WSM,2015,"Putrajaya, Malaysia",Open,M,,,Zydrunas Savickas,LTU,Overall,,,,,,2,,
2015 World's Strongest Man,WSM,2015,"Putrajaya, Malaysia",Open,M,,,Hafthor Julius Bjornsson,ISL,Overall,,,,,,3,,
2016 World's Strongest Man,WSM,2016,"Kasane, Botswana",Open,M,,,Brian Shaw,USA,Overall,,,,,,1,,
2016 World's Strongest Man,WSM,2016,"Kasane, Botswana",Open,M,,,Hafthor Julius Bjornsson,ISL,Overall,,,,,,2,,
2016 World's Strongest Man,WSM,2016,"Kasane, Botswana",Open,M,,,Eddie Hall,GBR,Overall,,,,,,3,,
2017 World's Strongest Man,WSM,2017,"Gaborone, Botswana",Open,M,,,Eddie Hall,GBR,Overall,,,,,,1,,First UK winner since Gary Taylor 1993
2017 World's Strongest Man,WSM,2017,"Gaborone, Botswana",Open,M,,,Hafthor Julius Bjornsson,ISL,Overall,,,,,,2,,Lost by 1 point
2017 World's Strongest Man,WSM,2017,"Gaborone, Botswana",Open,M,,,Brian Shaw,USA,Overall,,,,,,3,,
2018 World's Strongest Man,WSM,2018,"Manila, Philippines",Open,M,,,Hafthor Julius Bjornsson,ISL,Overall,,,,,,1,,
2018 World's Strongest Man,WSM,2018,"Manila, Philippines",Open,M,,,Mateusz Kieliszkowski,POL,Overall,,,,,,2,,
2018 World's Strongest Man,WSM,2018,"Manila, Philippines",Open,M,,,Brian Shaw,USA,Overall,,,,,,3,,
2019 World's Strongest Man,WSM,2019,"Bradenton, Florida",Open,M,,,Martins Licis,USA,Overall,,,,,,1,,
2019 World's Strongest Man,WSM,2019,"Bradenton, Florida",Open,M,,,Mateusz Kieliszkowski,POL,Overall,,,,,,2,,
2019 World's Strongest Man,WSM,2019,"Bradenton, Florida",Open,M,,,Hafthor Julius Bjornsson,ISL,Overall,,,,,,3,,Competed injured with plantar fasciitis
2020 World's Strongest Man,WSM,2020-11-15,"Anna Maria Island, Florida",Open,M,,,Oleksii Novikov,UKR,Overall,,,,,,1,,Set partial deadlift record 537.5kg; no spectators due to COVID-19
2020 World's Strongest Man,WSM,2020-11-15,"Anna Maria Island, Florida",Open,M,,,Tom Stoltman,GBR,Overall,,,,,,2,,
2020 World's Strongest Man,WSM,2020-11-15,"Anna Maria Island, Florida",Open,M,,,Jean-Francois Caron,CAN,Overall,,,,,,3,,
2021 World's Strongest Man,WSM,2021-06-20,"Sacramento, California",Open,M,,,Tom Stoltman,GBR,Overall,,,,,,1,,First Scottish winner
2021 World's Strongest Man,WSM,2021-06-20,"Sacramento, California",Open,M,,,Brian Shaw,USA,Overall,,,,,,2,,
2021 World's Strongest Man,WSM,2021-06-20,"Sacramento, California",Open,M,,,Maxime Boudreault,CAN,Overall,,,,,,3,,
2022 World's Strongest Man,WSM,2022-05-29,"Sacramento, California",Open,M,,,Tom Stoltman,GBR,Overall,,,,,,1,,Won by 10.5 points
2022 World's Strongest Man,WSM,2022-05-29,"Sacramento, California",Open,M,,,Martins Licis,USA,Overall,,,,,,2,,
2022 World's Strongest Man,WSM,2022-05-29,"Sacramento, California",Open,M,,,Oleksii Novikov,UKR,Overall,,,,,,3,,
2023 World's Strongest Man,WSM,2023-04-23,"Myrtle Beach, South Carolina",Open,M,,,Mitchell Hooper,CAN,Overall,,,,,,1,,Won 4 of 6 events in final
2023 World's Strongest Man,WSM,2023-04-23,"Myrtle Beach, South Carolina",Open,M,,,Tom Stoltman,GBR,Overall,,,,,,2,,
2023 World's Strongest Man,WSM,2023-04-23,"Myrtle Beach, South Carolina",Open,M,,,Oleksii Novikov,UKR,Overall,,,,,,3,,
2024 World's Strongest Man,WSM,2024-05-05,"Myrtle Beach, South Carolina",Open,M,,,Tom Stoltman,GBR,Overall,,,,,,1,,Won 3 events in final
2024 World's Strongest Man,WSM,2024-05-05,"Myrtle Beach, South Carolina",Open,M,,,Mitchell Hooper,CAN,Overall,,,,,,2,,
2024 World's Strongest Man,WSM,2024-05-05,"Myrtle Beach, South Carolina",Open,M,,,Evan Singleton,USA,Overall,,,,,,3,,
2025 World's Strongest Man,WSM,2025-05-18,"Sacramento, California",Open,M,,,Rayno Nel,RSA,Overall,,,,,,1,,Won by 0.5 point; first African winner
2025 World's Strongest Man,WSM,2025-05-18,"Sacramento, California",Open,M,,,Tom Stoltman,GBR,Overall,,,,,,2,,
2025 World's Strongest Man,WSM,2025-05-18,"Sacramento, California",Open,M,,,Mitchell Hooper,CAN,Overall,,,,,,3,,
2026 World's Strongest Man,WSM,2026-04-26,"Myrtle Beach, South Carolina",Open,M,,,Mitchell Hooper,CAN,Overall,,,,,,1,,54 points; won Atlas Stones after Nel slipped on 4th stone
2026 World's Strongest Man,WSM,2026-04-26,"Myrtle Beach, South Carolina",Open,M,,,Rayno Nel,RSA,Overall,,,,,,2,,52 points
2026 World's Strongest Man,WSM,2026-04-26,"Myrtle Beach, South Carolina",Open,M,,,Trey Mitchell,USA,Overall,,,,,,3,,
